{"cameraMode":{"drawMode":0,"name":"Shaded","section":"Shading Mode"},"sceneLighting":false,"audioPlay":true,"sceneViewState":{"m_AlwaysRefresh":false,"showFog":true,"showSkybox":false,"showFlares":true,"showImageEffects":true,"showParticleSystems":true,"showVisualEffectGraphs":true,"m_FxEnabled":true},"in2DMode":false,"pivot":{"x":-38.95797348022461,"y":2.1837737560272219,"z":0.2976565361022949},"rotation":{"x":-0.02218659222126007,"y":0.013491051271557808,"z":0.00029337036539800465,"w":0.9996758103370667},"size":3.45560622215271,"orthographic":false}