{"cameraMode":{"drawMode":0,"name":"Shaded","section":"Shading Mode"},"sceneLighting":false,"audioPlay":true,"sceneViewState":{"m_AlwaysRefresh":false,"showFog":true,"showSkybox":false,"showFlares":true,"showImageEffects":true,"showParticleSystems":true,"showVisualEffectGraphs":true,"m_FxEnabled":true},"in2DMode":false,"pivot":{"x":-38.68000030517578,"y":2.3999998569488527,"z":-0.03000020980834961},"rotation":{"x":0.18315915763378144,"y":0.07952694594860077,"z":-0.01488109864294529,"w":0.9797636270523071},"size":12.12435531616211,"orthographic":false}