{"cameraMode":{"drawMode":0,"name":"Shaded","section":"Shading Mode"},"sceneLighting":true,"audioPlay":false,"sceneViewState":{"m_AlwaysRefresh":false,"showFog":true,"showSkybox":true,"showFlares":true,"showImageEffects":true,"showParticleSystems":true,"showVisualEffectGraphs":true,"m_FxEnabled":true},"in2DMode":false,"pivot":{"x":-27.138343811035158,"y":3.606144905090332,"z":-28.49626350402832},"rotation":{"x":-0.10213038325309754,"y":-0.0038838854525238277,"z":0.00038428566767834127,"w":-0.9947649240493774},"size":34.17807388305664,"orthographic":false}