{"cameraMode":{"drawMode":0,"name":"Shaded","section":"Shading Mode"},"sceneLighting":false,"audioPlay":false,"sceneViewState":{"m_AlwaysRefresh":false,"showFog":true,"showSkybox":false,"showFlares":true,"showImageEffects":true,"showParticleSystems":true,"showVisualEffectGraphs":true,"m_FxEnabled":true},"in2DMode":false,"pivot":{"x":-6.180527687072754,"y":4.707675933837891,"z":-0.03321152925491333},"rotation":{"x":-0.06026957184076309,"y":0.009580151177942753,"z":-0.0005777599872089922,"w":-0.9981290102005005},"size":0.4011809527873993,"orthographic":false}