{"cameraMode":{"drawMode":0,"name":"Shaded","section":"Shading Mode"},"sceneLighting":false,"audioPlay":false,"sceneViewState":{"m_AlwaysRefresh":false,"showFog":true,"showSkybox":false,"showFlares":true,"showImageEffects":true,"showParticleSystems":true,"showVisualEffectGraphs":true,"m_FxEnabled":true},"in2DMode":false,"pivot":{"x":-28.859628677368165,"y":-0.14863070845603944,"z":-0.012443562969565392},"rotation":{"x":-0.04630252346396446,"y":0.6148867607116699,"z":-0.03620241582393646,"w":-0.7864149212837219},"size":6.733768463134766,"orthographic":false}